-- use test;


-- 管理员
CREATE TABLE ADMINS (
    Account VARCHAR(10),
    Passwords VARCHAR(15) NOT NULL,
    CHECK(Passwords LIKE '_____%' ),
    -- 密码在5-15位之间
    CONSTRAINT PK_ADMINS PRIMARY KEY (Account)
);





-- 经理
CREATE TABLE MANAGER (
    ID BIGINT NOT NULL,
    Account VARCHAR(15) NOT NULL UNIQUE,
    Passwords VARCHAR(15) NOT NULL,
    RealName VARCHAR(5) NOT NULL,
    Sex VARCHAR(2) NOT NULL DEFAULT '男',
    Age INT DEFAULT 18,
    Phone VARCHAR(11) NOT NULL,
    Salary BIGINT DEFAULT 15000,
    Balance BIGINT DEFAULT 0,

    CHECK(Account LIKE '_____%' ),
    -- 账号在5-15位之间
    CHECK(Passwords LIKE '_____%' ),
    -- 密码在5-15位之间
    CHECK(Sex IN('男', '女')),
    -- 检查性别是否合法
    CHECK(Age BETWEEN 18 AND 60),
    -- 年龄在18-60岁
    CHECK(Phone LIKE '___________'),
    -- 检查手机号是否合法（11位）
    CHECK(Salary BETWEEN 15000 AND 50000),
    -- 检查工资是否合法
    CHECK(Balance >= 0),
    -- 检查余额是否合法
    CONSTRAINT PK_MANAGER PRIMARY KEY (ID)
);



-- 分店
CREATE TABLE SHOP(
    ID BIGINT,
    -- 分店ID
    Names VARCHAR(20),
    -- 分店名称 
    Addres VARCHAR(30) NOT NULL,
    -- 分店地址
    Phone VARCHAR(11) NOT NULL,
    -- 分店电话
    MANAGERID BIGINT NOT NULL UNIQUE,
    -- 经理ID
    CHECK(Phone LIKE '___________'),
    -- 检查电话是否合法（11位）

    CONSTRAINT PK_ID PRIMARY KEY (ID),
    CONSTRAINT FK_SHOP_TO_MANAGER FOREIGN KEY (MANAGERID) REFERENCES MANAGER(ID)
);



-- 员工
CREATE TABLE PERSONNEL (
    ID BIGINT NOT NULL,
    Account VARCHAR(15) NOT NULL UNIQUE,
    Passwords VARCHAR(15) NOT NULL,
    RealName VARCHAR(5) NOT NULL,
    -- 真实姓名
    Sex VARCHAR(2) NOT NULL DEFAULT '男',
    Age BIGINT DEFAULT 18,
    Phone VARCHAR(11) NOT NULL,
    Salary BIGINT DEFAULT 3000,
    Balance BIGINT DEFAULT 0,
    SHOPID BIGINT,

    CHECK(Account LIKE '_____%' ),
    -- 账号在5-15位之间
    CHECK(Passwords LIKE '_____%' ),
    -- 密码在5-15位之间
    CHECK(Sex IN('男', '女')),
    -- 检查性别是否合法
    CHECK(Age BETWEEN 18 AND 60),
    -- 年龄在18-60岁
    CHECK(Phone LIKE '___________'),
    -- 检查手机号是否合法（11位）
    CHECK(Salary BETWEEN 3000 AND 8000),
    -- 检查工资是否合法
    CHECK(Balance >= 0),
    -- 检查余额是否合法
    CONSTRAINT PK_PERSONNEL PRIMARY KEY (ID),
    CONSTRAINT FK_PERSONNEL_TO_SHOP FOREIGN KEY(SHOPID) REFERENCES SHOP(ID)
);



-- 用户
CREATE TABLE USERS (
    ID BIGINT NOT NULL,
    Account VARCHAR(15) NOT NULL UNIQUE,
    Passwords VARCHAR(15) NOT NULL,
    RealName VARCHAR(5) NOT NULL,
    -- 真实姓名
    Sex VARCHAR(2) NOT NULL DEFAULT '男',
    NickName VARCHAR(10) NOT NULL DEFAULT '游客',
    -- 昵称
    Age VARCHAR(3) DEFAULT '18',
    Phone VARCHAR(11) NOT NULL,
    Balance BIGINT DEFAULT 0,
    -- 余额
    Points BIGINT NOT NULL DEFAULT 0,
    -- 积分（每消费一元积一分）

    CHECK(Account LIKE '_____%' ),
    -- 账号在5-15位之间
    CHECK(Passwords LIKE '_____%' ),
    -- 密码在5-15位之间
    CHECK(Sex IN('男', '女')),
    -- 检查性别是否合法
    CHECK(Age BETWEEN 6 AND 150),
    -- 检查年龄是否合法
    CHECK(Phone LIKE '___________'),
    -- 检查手机号是否合法（11位）
    CHECK(Balance >= 0),
    -- 检查余额是否合法
    CHECK(Points >= 0),
    -- 检查余额是否合法
    CONSTRAINT PK_USERS PRIMARY KEY (ID)
);





-- 商品
CREATE TABLE COMMODITY(
    ID VARCHAR(13),
    -- 条形码 
    Names VARCHAR(10) NOT NULL,
    -- 商品名
    Brand VARCHAR(10),
    -- 品牌
    Cost BIGINT NOT NULL,
    -- 成本
    Price BIGINT NOT NULL,
    -- 价格
    Weights BIGINT NOT NULL,
    -- 重量（克）
    Types VARCHAR(12),
    -- 商品类型

    CHECK(ID LIKE '_____________'),
    -- 检查条形码是否为13位
    CHECK(Cost >= 0),
    -- 检查成本是否合法
    CHECK(Price >= 0),
    -- 检查价格是否合法
    CHECK(Weights >= 0),
    -- 检查重量是否合法
    CONSTRAINT PK_ID PRIMARY KEY (ID)
);


-- 库存
CREATE TABLE STOCK(
    COMMODITYID VARCHAR(13),
    -- 商品ID
    SHOPID BIGINT,
    -- 分店ID
    Amount BIGINT NOT NULL DEFAULT 0,
    -- 数量

    CHECK(Amount >= 0),
    -- 检查数量是否合法
    CONSTRAINT FK_STOCK_TO_COMMODITY FOREIGN KEY (COMMODITYID) REFERENCES COMMODITY(ID),
    CONSTRAINT FK_STOCK_TO_SHOP FOREIGN KEY (SHOPID) REFERENCES SHOP(ID)
);



-- 线上订单
CREATE TABLE ORDER_ONLINE(
    ID BIGINT,
    -- 订单ID
    USERID BIGINT,
    -- 用户ID
    SHOPID BIGINT,
    -- 分店ID
    COMMODITYID VARCHAR(13),
    -- 商品ID
    AmountOfCommodity BIGINT NOT NULL,
    -- 商品数量
    AmountOfMoney BIGINT NOT NULL,
    -- 金额
    OrderTime DATETIME NOT NULL,
    -- 下单时间
    DeliveryTime DATETIME NOT NULL,
    -- 送货时间
    DeliveryAddress VARCHAR(20) NOT NULL,
    -- 送货地址
    Phone VARCHAR(11) NOT NULL,
    -- 联系电话
    DeliveryPersonnelID BIGINT DEFAULT -1,
    -- 送货员工ID
    Status_ VARCHAR(3) DEFAULT '未完成',


    CHECK(Phone LIKE '___________'),
    -- 检查手机号是否合法（11位）
    CHECK(Status_ IN('完成', '未完成')),
    CONSTRAINT FK_USERS_TO_ORDER_ONLINE FOREIGN KEY (USERID) REFERENCES USERS(ID),
    CONSTRAINT FK_SHOP_TO_ORDER_ONLINE FOREIGN KEY (SHOPID) REFERENCES SHOP(ID),
    CONSTRAINT FK_COMMODITY_TO_ORDER_ONLINE FOREIGN KEY (COMMODITYID) REFERENCES COMMODITY(ID),
    CONSTRAINT FK_PERSONNEL_TO_ORDER_ONLINE FOREIGN KEY (DeliveryPersonnelID) REFERENCES PERSONNEL(ID)
);




-- 线下订单
CREATE TABLE ORDER_OFFLINE(
    ID BIGINT,
    -- 订单ID
    USERSID BIGINT,
    -- 用户ID
    SHOPID BIGINT,
    -- 分店ID
    COMMODITYID VARCHAR(13),
    -- 商品ID
    AmountOfCommodity BIGINT NOT NULL,
    -- 商品数量
    AmountOfMoney BIGINT NOT NULL,
    -- 金额
    OrderTime DATETIME NOT NULL,
    -- 结账时间
    OperatorID BIGINT,
    -- 操作员工ID

    CONSTRAINT FK_USERS_TO_ORDER_OFFLINE FOREIGN KEY (USERSID) REFERENCES USERS(ID),
    CONSTRAINT FK_SHOP_TO_ORDER_OFFLINE FOREIGN KEY (SHOPID) REFERENCES SHOP(ID),
    CONSTRAINT FK_COMMODITY_TO_ORDER_OFFLINE FOREIGN KEY (COMMODITYID) REFERENCES COMMODITY(ID),
    CONSTRAINT FK_PERSONNEL_TO_ORDER_OFFLINE FOREIGN KEY (OperatorID) REFERENCES PERSONNEL(ID)
);




-- 管理员
INSERT INTO ADMINS VALUES('admin', 'admin');
-- 经理（ID，账号，密码，姓名，性别，年龄，电话，工资，余额）
INSERT INTO MANAGER VALUES(1, 'manager1', 'manager1', '彭万里', '男', 34, '13765796677', 18000, 200);
INSERT INTO MANAGER VALUES(2, 'manager2', 'manager2', '高大山', '男', 27, '13442885222', 20000, 5000);
INSERT INTO MANAGER VALUES(3, 'manager3', 'manager3', '谢大海', '男', 35, '14722014563', 40000, 20000);
INSERT INTO MANAGER VALUES(4, 'manager4', 'manager4', '马宏宇', '男', 42, '13579597709', 35000, 0);
INSERT INTO MANAGER VALUES(5, 'manager5', 'manager5', '黄强辉', '男', 39, '13376530647', 24000, 2000);
INSERT INTO MANAGER VALUES(6, 'manager6', 'manager6', '安怡孙', '女', 25, '13513728451', 15000, 10000);
-- 分店（ID，分店名，地址，电话，经理ID）
INSERT INTO SHOP VALUES(1, '芒果超市一店', '湖北省武汉市武昌区中山路195号', '15373604703', 1);
INSERT INTO SHOP VALUES(2, '芒果超市二店', '湖北省武汉市江汉区建设大道632号', '13013325290', 2);
INSERT INTO SHOP VALUES(3, '芒果超市三店', '北京市西城区输入胡同5号', '15246367379', 5);
INSERT INTO SHOP VALUES(4, '芒果超市四店', '成都市锦江区九眼桥宏济新路308号', '18996582257', 4);
INSERT INTO SHOP VALUES(5, '芒果超市五店', '广州市天河区天河路236号', '15046061551', 6);
INSERT INTO SHOP VALUES(6, '芒果超市六店', '大同市平城区文兴路172号', '13085476407', 3);
-- 员工（ID，账号，密码，姓名，性别，年龄，电话，工资，余额，分店ID）
INSERT INTO PERSONNEL VALUES(1, 'personnel1', 'personnel1', '林莽', '男', 18, '13867651414', 4000, 500, 1);
INSERT INTO PERSONNEL VALUES(2, 'personnel2', 'personnel2', '章汉夫', '女', 34, '13815797360', 3500, 540, 1);
INSERT INTO PERSONNEL VALUES(3, 'personnel3', 'personnel3', '范长江', '男', 23, '13858797900', 4500, 40, 1);
INSERT INTO PERSONNEL VALUES(4, 'personnel4', 'personnel4', '林君雄', '女', 24, '13011308809', 4700, 2000, 1);
INSERT INTO PERSONNEL VALUES(5, 'personnel5', 'personnel5', '谭平山', '男', 28, '15002945887', 4200, 350, 2);
INSERT INTO PERSONNEL VALUES(6, 'personnel6', 'personnel6', '朱希亮', '女', 37, '15541442841', 3800, 300, 2);
INSERT INTO PERSONNEL VALUES(7, 'personnel7', 'personnel7', '吕奉先', '男', 26, '15095491589', 5200, 750, 2);
INSERT INTO PERSONNEL VALUES(8, 'personnel8', 'personnel8', '王德茂', '女', 28, '18672890975', 7500, 590, 2);
INSERT INTO PERSONNEL VALUES(9, 'personnel9', 'personnel9', '于学忠', '男', 24, '13638501220', 8000, 570, 3);
INSERT INTO PERSONNEL VALUES(10, 'personnel10', 'personnel10', '李四光', '女', 26, '13037406346', 3400, 700, 3);
INSERT INTO PERSONNEL VALUES(11, 'personnel11', 'personnel11', '甘铁生', '男', 54, '18910051725', 6300, 570, 3);
INSERT INTO PERSONNEL VALUES(12, 'personnel12', 'personnel12', '张伍', '女', 53, '13945617770', 4800, 690, 3);
INSERT INTO PERSONNEL VALUES(13, 'personnel13', 'personnel13', '绍祖', '男', 24, '15230780361', 4600, 530, 4);
INSERT INTO PERSONNEL VALUES(14, 'personnel14', 'personnel14', '马继祖', '女', 24, '18709232595', 5200, 0, 4);
INSERT INTO PERSONNEL VALUES(15, 'personnel15', 'personnel15', '程孝先', '男', 35, '15261510057', 5800, 750, 4);
INSERT INTO PERSONNEL VALUES(16, 'personnel16', 'personnel16', '宗敬先', '女', 45, '15879137896', 3700, 750, 4);
INSERT INTO PERSONNEL VALUES(17, 'personnel17', 'personnel17', '年广嗣', '男', 24, '18951083799', 4600, 290, 5);
INSERT INTO PERSONNEL VALUES(18, 'personnel18', 'personnel18', '汤绍箕', '女', 24, '15783768699', 7800, 60, 5);
INSERT INTO PERSONNEL VALUES(19, 'personnel19', 'personnel19', '吕显祖', '男', 35, '15642913707', 3600, 1000, 5);
INSERT INTO PERSONNEL VALUES(20, 'personnel20', 'personnel20', '何光宗', '女', 25, '13807533676', 5800, 60, 5);
INSERT INTO PERSONNEL VALUES(21, 'personnel21', 'personnel21', '孙念祖', '男', 24, '15305649697', 5700, 4520, 6);
INSERT INTO PERSONNEL VALUES(22, 'personnel22', 'personnel22', '马建国', '女', 34, '15946699873', 6800, 420, 6);
INSERT INTO PERSONNEL VALUES(23, 'personnel23', 'personnel23', '节振国', '男', 24, '13838098959', 7300, 450, 6);
INSERT INTO PERSONNEL VALUES(24, 'personnel24', 'personnel24', '冯兴国', '女', 28, '13573401343', 6100, 570, 6);
INSERT INTO PERSONNEL VALUES(25, 'personnel25', 'personnel25', '郝爱民', '男', 26, '13379716674', 5600, 6770, 1);
INSERT INTO PERSONNEL VALUES(26, 'personnel26', 'personnel26', '于学忠', '女', 24, '13153414779', 4800, 650, 2);
INSERT INTO PERSONNEL VALUES(27, 'personnel27', 'personnel27', '马连良', '男', 19, '13744062509', 6800, 750, 3);
-- 用户（ID，账号，密码，姓名，性别，昵称，年龄，电话，余额，积分）
INSERT INTO USERS VALUES(1, 'user1', 'user1', '赵进喜', '男', '钢铁侠', 23, '13859465943', 3000, 75000);
INSERT INTO USERS VALUES(2, 'user2', 'user2', '罗元发', '女', '黑寡妇', 32, '18932180046', 700, 1500);
INSERT INTO USERS VALUES(3, 'user3', 'user3', '赵大华', '男', '美国队长', 25, '15807515378', 50, 50);
INSERT INTO USERS VALUES(4, 'user4', 'user4', '德榜', '女', '惊奇队长', 67, '15599581104', 300, 540);
INSERT INTO USERS VALUES(5, 'user5', 'user5', '吴国梁', '男', '蜘蛛侠', 34, '13695460420', 100, 600);
-- 商品(ID-即条形码，名称，品牌，成本，售价，规格，类型)
INSERT INTO COMMODITY VALUES('6921168520012', '饮用天然水', '农夫山泉', 2, 3, 1500, '酒水饮料');
INSERT INTO COMMODITY VALUES('6936238500033', '饮用天然水', '农夫山泉', 1, 2, 550, '酒水饮料');
INSERT INTO COMMODITY VALUES('6936238500034', '纯净水', '景田', 1, 2, 560, '酒水饮料');
INSERT INTO COMMODITY VALUES('6936238500035', '橙汁', '汇源', 10, 12, 1000, '酒水饮料');
INSERT INTO COMMODITY VALUES('6936238500042', '桃汁', '汇源', 10, 12, 1000, '酒水饮料');
INSERT INTO COMMODITY VALUES('6936238500038', '可乐', '可口可乐', 2, 3, 500, '酒水饮料');
INSERT INTO COMMODITY VALUES('6935466240035', '可乐', '百事可乐', 2, 3, 600, '酒水饮料');
INSERT INTO COMMODITY VALUES('6936238534035', '凉茶', '王老吉', 4, 5, 310, '酒水饮料');
INSERT INTO COMMODITY VALUES('6936238545035', '喜宴酒', '茅台', 900, 1000, 510, '酒水饮料');
INSERT INTO COMMODITY VALUES('6936238240035', '五粮酒', '五粮液', 200, 280, 500, '酒水饮料');
INSERT INTO COMMODITY VALUES('6945455465654', '火龙果', '越南', 3, 5, 500, '新鲜果蔬');
INSERT INTO COMMODITY VALUES('6945342465654', '红富士苹果', '云南西双版纳', 8, 12, 500, '新鲜果蔬');
INSERT INTO COMMODITY VALUES('6942422465654', '黄元帅苹果', '甘肃', 6, 9, 500, '新鲜果蔬');
INSERT INTO COMMODITY VALUES('6945453225654', '皇帝蕉', '海南', 3, 4, 500, '新鲜果蔬');
INSERT INTO COMMODITY VALUES('6944223465654', '白菜', '农村', 2, 3, 500, '新鲜果蔬');
INSERT INTO COMMODITY VALUES('6945024065654', '番薯', '烟台', 3, 5, 500, '新鲜果蔬');
INSERT INTO COMMODITY VALUES('6945451240654', '胡萝卜', '四川', 4, 5, 500, '新鲜果蔬');
INSERT INTO COMMODITY VALUES('6945454205654', '西兰花', '四川', 5, 7, 500, '新鲜果蔬');
INSERT INTO COMMODITY VALUES('6575454205654', '酱板鸭', '何氏', 25, 30, 500, '熟食冻品');
INSERT INTO COMMODITY VALUES('6575454205634', '花椒鸡', '何氏', 30, 35, 500, '熟食冻品');
INSERT INTO COMMODITY VALUES('6575454203455', '煎饺', '安井', 10, 35, 500, '熟食冻品');
INSERT INTO COMMODITY VALUES('6575454205024', '巧乐兹冰淇淋', '伊利', 3, 5, 100, '熟食冻品');
INSERT INTO COMMODITY VALUES('6575454204254', '巧克力雪糕', '钟薛高', 12, 20, 78, '熟食冻品');
INSERT INTO COMMODITY VALUES('6575454200454', '红糖汤圆', '三全', 8, 12, 800, '熟食冻品');
INSERT INTO COMMODITY VALUES('6825454200454', '原味薯片', '品客', 8, 10, 110, '休闲零食');
INSERT INTO COMMODITY VALUES('6825456335454', '麻辣味薯片', '乐事', 6, 8, 60, '休闲零食');
INSERT INTO COMMODITY VALUES('6825453535454', '仙贝', '旺旺', 8, 9, 105, '休闲零食');
INSERT INTO COMMODITY VALUES('6825421240454', '口香糖', '绿箭', 4, 6, 30, '休闲零食');
INSERT INTO COMMODITY VALUES('6825404520454', '巧克力', '费列罗', 50, 60, 200, '休闲零食');
INSERT INTO COMMODITY VALUES('6825401250454', '红枣', '禅大师', 50, 60, 500, '休闲零食');
INSERT INTO COMMODITY VALUES('6825454040454', '果冻', '喜之郎', 15, 20, 500, '休闲零食');
-- 库存（商品ID，分店ID，数量）
INSERT INTO STOCK VALUES('6921168520012', 1, 24);
INSERT INTO STOCK VALUES('6936238500033', 1, 24);
INSERT INTO STOCK VALUES('6936238500034', 1, 23);
INSERT INTO STOCK VALUES('6936238500035', 1, 56);
INSERT INTO STOCK VALUES('6936238500042', 1, 245);
INSERT INTO STOCK VALUES('6936238500038', 1, 67);
INSERT INTO STOCK VALUES('6935466240035', 1, 531);
INSERT INTO STOCK VALUES('6936238534035', 1, 0);
INSERT INTO STOCK VALUES('6936238545035', 1, 34);
INSERT INTO STOCK VALUES('6936238240035', 1, 674);
INSERT INTO STOCK VALUES('6945455465654', 1, 5642);
INSERT INTO STOCK VALUES('6945342465654', 1, 3452);
INSERT INTO STOCK VALUES('6942422465654', 1, 432);
INSERT INTO STOCK VALUES('6945453225654', 1, 543);
INSERT INTO STOCK VALUES('6944223465654', 1, 234);
INSERT INTO STOCK VALUES('6945024065654', 1, 345);
INSERT INTO STOCK VALUES('6945451240654', 1, 342);
INSERT INTO STOCK VALUES('6945454205654', 1, 23);
INSERT INTO STOCK VALUES('6575454205654', 1, 0);
INSERT INTO STOCK VALUES('6575454205634', 1, 42);
INSERT INTO STOCK VALUES('6575454203455', 1, 10);
INSERT INTO STOCK VALUES('6575454205024', 1, 34);
INSERT INTO STOCK VALUES('6575454204254', 1, 67);
INSERT INTO STOCK VALUES('6575454200454', 1, 230);
INSERT INTO STOCK VALUES('6825454200454', 1, 342);
INSERT INTO STOCK VALUES('6825456335454', 1, 3423);
INSERT INTO STOCK VALUES('6825453535454', 1, 348);
INSERT INTO STOCK VALUES('6825421240454', 1, 753);
INSERT INTO STOCK VALUES('6825404520454', 1, 765);
INSERT INTO STOCK VALUES('6825401250454', 1, 345);
INSERT INTO STOCK VALUES('6825454040454', 1, 343);
INSERT INTO STOCK VALUES('6921168520012', 2, 24);
INSERT INTO STOCK VALUES('6936238500033', 2, 24);
INSERT INTO STOCK VALUES('6936238500034', 2, 45);
INSERT INTO STOCK VALUES('6936238500035', 2, 216);
INSERT INTO STOCK VALUES('6936238500042', 2, 57);
INSERT INTO STOCK VALUES('6936238500038', 2, 67);
INSERT INTO STOCK VALUES('6935466240035', 2, 531);
INSERT INTO STOCK VALUES('6936238534035', 2, 31);
INSERT INTO STOCK VALUES('6936238545035', 2, 34);
INSERT INTO STOCK VALUES('6936238240035', 2, 564);
INSERT INTO STOCK VALUES('6945455465654', 2, 0);
INSERT INTO STOCK VALUES('6945342465654', 2, 352);
INSERT INTO STOCK VALUES('6942422465654', 2, 432);
INSERT INTO STOCK VALUES('6945453225654', 2, 543);
INSERT INTO STOCK VALUES('6944223465654', 2, 234);
INSERT INTO STOCK VALUES('6945024065654', 2, 45);
INSERT INTO STOCK VALUES('6945451240654', 2, 342);
INSERT INTO STOCK VALUES('6945454205654', 2, 23);
INSERT INTO STOCK VALUES('6575454205654', 2, 0);
INSERT INTO STOCK VALUES('6575454205634', 2, 42);
INSERT INTO STOCK VALUES('6575454203455', 2, 10);
INSERT INTO STOCK VALUES('6575454205024', 2, 34);
INSERT INTO STOCK VALUES('6575454204254', 2, 67);
INSERT INTO STOCK VALUES('6575454200454', 2, 230);
INSERT INTO STOCK VALUES('6825454200454', 2, 342);
INSERT INTO STOCK VALUES('6825456335454', 2, 27);
INSERT INTO STOCK VALUES('6825453535454', 2, 348);
INSERT INTO STOCK VALUES('6825421240454', 2, 723);
INSERT INTO STOCK VALUES('6825404520454', 2, 345);
INSERT INTO STOCK VALUES('6825401250454', 2, 45);
INSERT INTO STOCK VALUES('6825454040454', 2, 343);
INSERT INTO STOCK VALUES('6921168520012', 3, 24);
INSERT INTO STOCK VALUES('6936238500033', 3, 24);
INSERT INTO STOCK VALUES('6936238500034', 3, 23);
INSERT INTO STOCK VALUES('6936238500035', 3, 340);
INSERT INTO STOCK VALUES('6936238500042', 3, 225);
INSERT INTO STOCK VALUES('6936238500038', 3, 67);
INSERT INTO STOCK VALUES('6935466240035', 3, 51);
INSERT INTO STOCK VALUES('6936238534035', 3, 0);
INSERT INTO STOCK VALUES('6936238545035', 3, 34);
INSERT INTO STOCK VALUES('6936238240035', 3, 64);
INSERT INTO STOCK VALUES('6945455465654', 3, 542);
INSERT INTO STOCK VALUES('6945342465654', 3, 3452);
INSERT INTO STOCK VALUES('6942422465654', 3, 432);
INSERT INTO STOCK VALUES('6945453225654', 3, 53);
INSERT INTO STOCK VALUES('6944223465654', 3, 234);
INSERT INTO STOCK VALUES('6945024065654', 3, 345);
INSERT INTO STOCK VALUES('6945451240654', 3, 32);
INSERT INTO STOCK VALUES('6945454205654', 3, 23);
INSERT INTO STOCK VALUES('6575454205654', 3, 0);
INSERT INTO STOCK VALUES('6575454205634', 3, 42);
INSERT INTO STOCK VALUES('6575454203455', 3, 10);
INSERT INTO STOCK VALUES('6575454205024', 3, 34);
INSERT INTO STOCK VALUES('6575454204254', 3, 67);
INSERT INTO STOCK VALUES('6575454200454', 3, 230);
INSERT INTO STOCK VALUES('6825454200454', 3, 34);
INSERT INTO STOCK VALUES('6825456335454', 3, 3432);
INSERT INTO STOCK VALUES('6825453535454', 3, 348);
INSERT INTO STOCK VALUES('6825421240454', 3, 753);
INSERT INTO STOCK VALUES('6825404520454', 3, 765);
INSERT INTO STOCK VALUES('6825401250454', 3, 345);
INSERT INTO STOCK VALUES('6825454040454', 3, 343);
INSERT INTO STOCK VALUES('6921168520012', 4, 24);
INSERT INTO STOCK VALUES('6936238500033', 4, 24);
INSERT INTO STOCK VALUES('6936238500034', 4, 23);
INSERT INTO STOCK VALUES('6936238500035', 4, 56);
INSERT INTO STOCK VALUES('6936238500042', 4, 245);
INSERT INTO STOCK VALUES('6936238500038', 4, 67);
INSERT INTO STOCK VALUES('6935466240035', 4, 531);
INSERT INTO STOCK VALUES('6936238534035', 4, 0);
INSERT INTO STOCK VALUES('6936238545035', 4, 34);
INSERT INTO STOCK VALUES('6936238240035', 4, 674);
INSERT INTO STOCK VALUES('6945455465654', 4, 52);
INSERT INTO STOCK VALUES('6945342465654', 4, 3452);
INSERT INTO STOCK VALUES('6942422465654', 4, 422);
INSERT INTO STOCK VALUES('6945453225654', 4, 543);
INSERT INTO STOCK VALUES('6944223465654', 4, 234);
INSERT INTO STOCK VALUES('6945024065654', 4, 3445);
INSERT INTO STOCK VALUES('6945451240654', 4, 342);
INSERT INTO STOCK VALUES('6945454205654', 4, 23);
INSERT INTO STOCK VALUES('6575454205654', 4, 0);
INSERT INTO STOCK VALUES('6575454205634', 4, 422);
INSERT INTO STOCK VALUES('6575454203455', 4, 10);
INSERT INTO STOCK VALUES('6575454205024', 4, 34);
INSERT INTO STOCK VALUES('6575454204254', 4, 47);
INSERT INTO STOCK VALUES('6575454200454', 4, 0);
INSERT INTO STOCK VALUES('6825454200454', 4, 3342);
INSERT INTO STOCK VALUES('6825456335454', 4, 3423);
INSERT INTO STOCK VALUES('6825453535454', 4, 348);
INSERT INTO STOCK VALUES('6825421240454', 4, 3);
INSERT INTO STOCK VALUES('6825404520454', 4, 75);
INSERT INTO STOCK VALUES('6825401250454', 4, 5);
INSERT INTO STOCK VALUES('6825454040454', 4, 343);
INSERT INTO STOCK VALUES('6921168520012', 5, 24);
INSERT INTO STOCK VALUES('6936238500033', 5, 24);
INSERT INTO STOCK VALUES('6936238500034', 5, 23);
INSERT INTO STOCK VALUES('6936238500035', 5, 56);
INSERT INTO STOCK VALUES('6936238500042', 5, 245);
INSERT INTO STOCK VALUES('6936238500038', 5, 67);
INSERT INTO STOCK VALUES('6935466240035', 5, 1);
INSERT INTO STOCK VALUES('6936238534035', 5, 0);
INSERT INTO STOCK VALUES('6936238545035', 5, 34);
INSERT INTO STOCK VALUES('6936238240035', 5, 674);
INSERT INTO STOCK VALUES('6945455465654', 5, 5642);
INSERT INTO STOCK VALUES('6945342465654', 5, 3452);
INSERT INTO STOCK VALUES('6942422465654', 5, 32);
INSERT INTO STOCK VALUES('6945453225654', 5, 53);
INSERT INTO STOCK VALUES('6944223465654', 5, 234);
INSERT INTO STOCK VALUES('6945024065654', 5, 345);
INSERT INTO STOCK VALUES('6945451240654', 5, 42);
INSERT INTO STOCK VALUES('6945454205654', 5, 23);
INSERT INTO STOCK VALUES('6575454205654', 5, 0);
INSERT INTO STOCK VALUES('6575454205634', 5, 42);
INSERT INTO STOCK VALUES('6575454203455', 5, 10);
INSERT INTO STOCK VALUES('6575454205024', 5, 34);
INSERT INTO STOCK VALUES('6575454204254', 5, 67);
INSERT INTO STOCK VALUES('6575454200454', 5, 230);
INSERT INTO STOCK VALUES('6825454200454', 5, 32);
INSERT INTO STOCK VALUES('6825456335454', 5, 33);
INSERT INTO STOCK VALUES('6825453535454', 5, 348);
INSERT INTO STOCK VALUES('6825421240454', 5, 753);
INSERT INTO STOCK VALUES('6825404520454', 5, 7465);
INSERT INTO STOCK VALUES('6825401250454', 5, 345);
INSERT INTO STOCK VALUES('6825454040454', 5, 343);
INSERT INTO STOCK VALUES('6921168520012', 6, 24);
INSERT INTO STOCK VALUES('6936238500033', 6, 24);
INSERT INTO STOCK VALUES('6936238500034', 6, 233);
INSERT INTO STOCK VALUES('6936238500035', 6, 56);
INSERT INTO STOCK VALUES('6936238500042', 6, 255);
INSERT INTO STOCK VALUES('6936238500038', 6, 67);
INSERT INTO STOCK VALUES('6935466240035', 6, 531);
INSERT INTO STOCK VALUES('6936238534035', 6, 0);
INSERT INTO STOCK VALUES('6936238545035', 6, 34);
INSERT INTO STOCK VALUES('6936238240035', 6, 674);
INSERT INTO STOCK VALUES('6945455465654', 6, 5642);
INSERT INTO STOCK VALUES('6945342465654', 6, 352);
INSERT INTO STOCK VALUES('6942422465654', 6, 434);
INSERT INTO STOCK VALUES('6945453225654', 6, 5143);
INSERT INTO STOCK VALUES('6944223465654', 6, 234);
INSERT INTO STOCK VALUES('6945024065654', 6, 345);
INSERT INTO STOCK VALUES('6945451240654', 6, 32);
INSERT INTO STOCK VALUES('6945454205654', 6, 23);
INSERT INTO STOCK VALUES('6575454205654', 6, 0);
INSERT INTO STOCK VALUES('6575454205634', 6, 42);
INSERT INTO STOCK VALUES('6575454203455', 6, 10);
INSERT INTO STOCK VALUES('6575454205024', 6, 34);
INSERT INTO STOCK VALUES('6575454204254', 6, 67);
INSERT INTO STOCK VALUES('6575454200454', 6, 214);
INSERT INTO STOCK VALUES('6825456335454', 6, 3423);
INSERT INTO STOCK VALUES('6825453535454', 6, 3428);
INSERT INTO STOCK VALUES('6825421240454', 6, 73);
INSERT INTO STOCK VALUES('6825404520454', 6, 765);
INSERT INTO STOCK VALUES('6825401250454', 6, 35);
INSERT INTO STOCK VALUES('6825454040454', 6, 33);
-- 线上订单
INSERT INTO ORDER_ONLINE VALUES(1, 1, 1, '6936238500033', 1, 2, '2019-03-05 10:53:56', '2019-03-05 11:30:00', '武汉市洪山区武汉科技大学南二舍', '13859465943', 1, '完成');
INSERT INTO ORDER_ONLINE VALUES(1, 1, 1, '6936238500035', 1, 12, '2019-03-05 10:53:56', '2019-03-05 11:30:00', '武汉市洪山区武汉科技大学南二舍', '13859465943', 1, '完成');
-- 线下订单
INSERT INTO ORDER_OFFLINE VALUES(1, 1, 1, '6936238500033', 2, 4, '2019-03-06 12:34:56', 1);




/*  DROP TABLE ORDER_ONLINE;
DROP TABLE ORDER_OFFLINE;
DROP TABLE ADMINS;
DROP TABLE PERSONNEL;
DROP TABLE STOCK;
DROP TABLE SHOP;
DROP TABLE MANAGER;
DROP TABLE USERS;
DROP TABLE COMMODITY; */
